--
-- PostgreSQL database dump
--

-- Dumped from database version 16.4 (Debian 16.4-1.pgdg120+1)
-- Dumped by pg_dump version 16.4

-- Started on 2024-11-09 22:55:38 UTC

SET statement_timeout = 0;
SET lock_timeout = 0;
SET idle_in_transaction_session_timeout = 0;
SET client_encoding = 'UTF8';
SET standard_conforming_strings = on;
SELECT pg_catalog.set_config('search_path', '', false);
SET check_function_bodies = false;
SET xmloption = content;
SET client_min_messages = warning;
SET row_security = off;

--
-- TOC entry 2 (class 3079 OID 16481)
-- Name: unaccent; Type: EXTENSION; Schema: -; Owner: -
--

CREATE EXTENSION IF NOT EXISTS unaccent WITH SCHEMA public;


--
-- TOC entry 3450 (class 0 OID 0)
-- Dependencies: 2
-- Name: EXTENSION unaccent; Type: COMMENT; Schema: -; Owner: 
--

COMMENT ON EXTENSION unaccent IS 'text search dictionary that removes accents';


SET default_tablespace = '';

SET default_table_access_method = heap;

--
-- TOC entry 217 (class 1259 OID 16385)
-- Name: aggregated_sale; Type: TABLE; Schema: public; Owner: postgres
--

CREATE TABLE public.aggregated_sale (
    id bigint NOT NULL,
    sale_date date,
    total_quantity_sold bigint,
    product_id bigint
);


ALTER TABLE public.aggregated_sale OWNER TO postgres;

--
-- TOC entry 216 (class 1259 OID 16384)
-- Name: aggregated_sale_id_seq; Type: SEQUENCE; Schema: public; Owner: postgres
--

ALTER TABLE public.aggregated_sale ALTER COLUMN id ADD GENERATED BY DEFAULT AS IDENTITY (
    SEQUENCE NAME public.aggregated_sale_id_seq
    START WITH 1
    INCREMENT BY 1
    NO MINVALUE
    NO MAXVALUE
    CACHE 1
);


--
-- TOC entry 219 (class 1259 OID 16391)
-- Name: roles; Type: TABLE; Schema: public; Owner: postgres
--

CREATE TABLE public.roles (
    id bigint NOT NULL,
    name character varying(20) NOT NULL,
    CONSTRAINT roles_name_check CHECK (((name)::text = ANY ((ARRAY['ROLE_USER'::character varying, 'ROLE_ADMIN'::character varying])::text[])))
);


ALTER TABLE public.roles OWNER TO postgres;

--
-- TOC entry 218 (class 1259 OID 16390)
-- Name: roles_id_seq; Type: SEQUENCE; Schema: public; Owner: postgres
--

ALTER TABLE public.roles ALTER COLUMN id ADD GENERATED BY DEFAULT AS IDENTITY (
    SEQUENCE NAME public.roles_id_seq
    START WITH 1
    INCREMENT BY 1
    NO MINVALUE
    NO MAXVALUE
    CACHE 1
);


--
-- TOC entry 221 (class 1259 OID 16398)
-- Name: tb_log; Type: TABLE; Schema: public; Owner: postgres
--

CREATE TABLE public.tb_log (
    id bigint NOT NULL,
    details text,
    entity character varying(255) NOT NULL,
    entity_id bigint NOT NULL,
    new_value text,
    old_value text,
    operation_type character varying(255) NOT NULL,
    "timestamp" timestamp(6) without time zone NOT NULL,
    user_id bigint,
    CONSTRAINT tb_log_operation_type_check CHECK (((operation_type)::text = ANY ((ARRAY['CREATE'::character varying, 'UPDATE'::character varying, 'DELETE'::character varying, 'READ'::character varying])::text[])))
);


ALTER TABLE public.tb_log OWNER TO postgres;

--
-- TOC entry 220 (class 1259 OID 16397)
-- Name: tb_log_id_seq; Type: SEQUENCE; Schema: public; Owner: postgres
--

ALTER TABLE public.tb_log ALTER COLUMN id ADD GENERATED BY DEFAULT AS IDENTITY (
    SEQUENCE NAME public.tb_log_id_seq
    START WITH 1
    INCREMENT BY 1
    NO MINVALUE
    NO MAXVALUE
    CACHE 1
);


--
-- TOC entry 223 (class 1259 OID 16407)
-- Name: tb_product; Type: TABLE; Schema: public; Owner: postgres
--

CREATE TABLE public.tb_product (
    id bigint NOT NULL,
    created_at timestamp(6) without time zone NOT NULL,
    name character varying(100) NOT NULL,
    quantity integer NOT NULL,
    updated_at timestamp(6) without time zone,
    product_value double precision NOT NULL,
    supplier_id bigint NOT NULL,
    CONSTRAINT tb_product_product_value_check CHECK ((product_value >= (0)::double precision)),
    CONSTRAINT tb_product_quantity_check CHECK ((quantity >= 0))
);


ALTER TABLE public.tb_product OWNER TO postgres;

--
-- TOC entry 222 (class 1259 OID 16406)
-- Name: tb_product_id_seq; Type: SEQUENCE; Schema: public; Owner: postgres
--

ALTER TABLE public.tb_product ALTER COLUMN id ADD GENERATED BY DEFAULT AS IDENTITY (
    SEQUENCE NAME public.tb_product_id_seq
    START WITH 1
    INCREMENT BY 1
    NO MINVALUE
    NO MAXVALUE
    CACHE 1
);


--
-- TOC entry 225 (class 1259 OID 16415)
-- Name: tb_sale; Type: TABLE; Schema: public; Owner: postgres
--

CREATE TABLE public.tb_sale (
    id bigint NOT NULL,
    quantity integer NOT NULL,
    sale_date timestamp(6) without time zone NOT NULL,
    stock_value_at_sale double precision,
    product_id bigint NOT NULL
);


ALTER TABLE public.tb_sale OWNER TO postgres;

--
-- TOC entry 224 (class 1259 OID 16414)
-- Name: tb_sale_id_seq; Type: SEQUENCE; Schema: public; Owner: postgres
--

ALTER TABLE public.tb_sale ALTER COLUMN id ADD GENERATED BY DEFAULT AS IDENTITY (
    SEQUENCE NAME public.tb_sale_id_seq
    START WITH 1
    INCREMENT BY 1
    NO MINVALUE
    NO MAXVALUE
    CACHE 1
);


--
-- TOC entry 227 (class 1259 OID 16421)
-- Name: tb_stock; Type: TABLE; Schema: public; Owner: postgres
--

CREATE TABLE public.tb_stock (
    id bigint NOT NULL,
    available boolean NOT NULL,
    created_at timestamp(6) without time zone NOT NULL,
    quantity integer NOT NULL,
    updated_at timestamp(6) without time zone,
    stock_value double precision NOT NULL,
    product_id bigint NOT NULL
);


ALTER TABLE public.tb_stock OWNER TO postgres;

--
-- TOC entry 226 (class 1259 OID 16420)
-- Name: tb_stock_id_seq; Type: SEQUENCE; Schema: public; Owner: postgres
--

ALTER TABLE public.tb_stock ALTER COLUMN id ADD GENERATED BY DEFAULT AS IDENTITY (
    SEQUENCE NAME public.tb_stock_id_seq
    START WITH 1
    INCREMENT BY 1
    NO MINVALUE
    NO MAXVALUE
    CACHE 1
);


--
-- TOC entry 229 (class 1259 OID 16427)
-- Name: tb_supplier; Type: TABLE; Schema: public; Owner: postgres
--

CREATE TABLE public.tb_supplier (
    id bigint NOT NULL,
    cnpj character varying(20) NOT NULL,
    created_at timestamp(6) without time zone NOT NULL,
    email character varying(100) NOT NULL,
    name character varying(100) NOT NULL,
    phone character varying(15) NOT NULL,
    product_type character varying(50) NOT NULL,
    updated_at timestamp(6) without time zone
);


ALTER TABLE public.tb_supplier OWNER TO postgres;

--
-- TOC entry 228 (class 1259 OID 16426)
-- Name: tb_supplier_id_seq; Type: SEQUENCE; Schema: public; Owner: postgres
--

ALTER TABLE public.tb_supplier ALTER COLUMN id ADD GENERATED BY DEFAULT AS IDENTITY (
    SEQUENCE NAME public.tb_supplier_id_seq
    START WITH 1
    INCREMENT BY 1
    NO MINVALUE
    NO MAXVALUE
    CACHE 1
);


--
-- TOC entry 230 (class 1259 OID 16432)
-- Name: user_roles; Type: TABLE; Schema: public; Owner: postgres
--

CREATE TABLE public.user_roles (
    user_id bigint NOT NULL,
    role_id bigint NOT NULL
);


ALTER TABLE public.user_roles OWNER TO postgres;

--
-- TOC entry 232 (class 1259 OID 16438)
-- Name: users; Type: TABLE; Schema: public; Owner: postgres
--

CREATE TABLE public.users (
    id bigint NOT NULL,
    email character varying(50) NOT NULL,
    password character varying(120) NOT NULL,
    username character varying(20) NOT NULL
);


ALTER TABLE public.users OWNER TO postgres;

--
-- TOC entry 231 (class 1259 OID 16437)
-- Name: users_id_seq; Type: SEQUENCE; Schema: public; Owner: postgres
--

ALTER TABLE public.users ALTER COLUMN id ADD GENERATED BY DEFAULT AS IDENTITY (
    SEQUENCE NAME public.users_id_seq
    START WITH 1
    INCREMENT BY 1
    NO MINVALUE
    NO MAXVALUE
    CACHE 1
);


--
-- TOC entry 3429 (class 0 OID 16385)
-- Dependencies: 217
-- Data for Name: aggregated_sale; Type: TABLE DATA; Schema: public; Owner: postgres
--

COPY public.aggregated_sale (id, sale_date, total_quantity_sold, product_id) FROM stdin;
2	2024-11-09	1	17
\.


--
-- TOC entry 3431 (class 0 OID 16391)
-- Dependencies: 219
-- Data for Name: roles; Type: TABLE DATA; Schema: public; Owner: postgres
--

COPY public.roles (id, name) FROM stdin;
1	ROLE_USER
2	ROLE_ADMIN
\.


--
-- TOC entry 3433 (class 0 OID 16398)
-- Dependencies: 221
-- Data for Name: tb_log; Type: TABLE DATA; Schema: public; Owner: postgres
--

COPY public.tb_log (id, details, entity, entity_id, new_value, old_value, operation_type, "timestamp", user_id) FROM stdin;
16	Updated supplier	Supplier	11	{"id":11,"name":"Adidas","phone":"(11) 94040-2021","email":"vendas@adidas.com","productType":"Roupas e Acessórios","cnpj":"02790268000106"}	{"id":11,"name":"Adidas","phone":"(11) 4040-2020","email":"vendas@adidas.com","productType":"Roupas e Acessórios","cnpj":"02790268000106"}	UPDATE	2024-11-09 22:48:16.159042	\N
17	Created new product	Product	17	{"id":17,"name":"Smart TV LG 50\\"","value":2099.0,"quantity":3,"supplierId":9,"supplierName":"LG"}	null	CREATE	2024-11-09 22:53:30.649602	\N
18	Created new Stock	Stock	12	{"id":12,"quantity":1,"available":true,"value":2099.0,"productId":17,"productName":"Smart TV LG 50\\"","supplierId":9,"supplierName":"LG"}	null	CREATE	2024-11-09 22:53:43.229337	\N
19	Sale registered: Product ID 17, Quantity: 1	Sale	7	{"productId":17,"quantity":1,"productName":"Smart TV LG 50\\"","stockValueAtSale":2099.0}	null	CREATE	2024-11-09 22:53:59.419718	\N
20	Deleted stock	Stock	12	null	{"id":12,"quantity":0,"available":false,"value":2099.0,"productId":17,"productName":"Smart TV LG 50\\"","supplierId":9,"supplierName":"LG"}	DELETE	2024-11-09 22:53:59.44171	\N
\.


--
-- TOC entry 3435 (class 0 OID 16407)
-- Dependencies: 223
-- Data for Name: tb_product; Type: TABLE DATA; Schema: public; Owner: postgres
--

COPY public.tb_product (id, created_at, name, quantity, updated_at, product_value, supplier_id) FROM stdin;
12	2024-11-09 22:49:00.747122	Smartphone Galaxy S23	50	2024-11-09 22:49:00.747122	4999.99	7
13	2024-11-09 22:49:00.747122	TV OLED Sony 55"	30	2024-11-09 22:49:00.747122	5999.99	8
14	2024-11-09 22:49:00.747122	Geladeira LG Frost Free	20	2024-11-09 22:49:00.747122	3899.9	9
15	2024-11-09 22:49:00.747122	Tênis Nike Air Max	100	2024-11-09 22:49:00.747122	799.99	10
16	2024-11-09 22:49:00.747122	Camiseta Adidas Performance	200	2024-11-09 22:49:00.747122	149.99	11
17	2024-11-09 22:53:30.649602	Smart TV LG 50"	2	2024-11-09 22:53:43.235159	2099	9
\.


--
-- TOC entry 3437 (class 0 OID 16415)
-- Dependencies: 225
-- Data for Name: tb_sale; Type: TABLE DATA; Schema: public; Owner: postgres
--

COPY public.tb_sale (id, quantity, sale_date, stock_value_at_sale, product_id) FROM stdin;
2	2	2024-11-09 22:50:06.688179	4999.99	12
3	1	2024-11-09 22:50:06.688179	5999.99	13
4	1	2024-11-09 22:50:06.688179	3899.9	14
5	3	2024-11-09 22:50:06.688179	799.99	15
6	5	2024-11-09 22:50:06.688179	149.99	16
7	1	2024-11-09 22:53:59.419718	2099	17
\.


--
-- TOC entry 3439 (class 0 OID 16421)
-- Dependencies: 227
-- Data for Name: tb_stock; Type: TABLE DATA; Schema: public; Owner: postgres
--

COPY public.tb_stock (id, available, created_at, quantity, updated_at, stock_value, product_id) FROM stdin;
7	t	2024-11-09 22:49:55.19559	50	2024-11-09 22:49:55.19559	4999.99	12
8	t	2024-11-09 22:49:55.19559	30	2024-11-09 22:49:55.19559	5999.99	13
9	t	2024-11-09 22:49:55.19559	20	2024-11-09 22:49:55.19559	3899.9	14
10	t	2024-11-09 22:49:55.19559	100	2024-11-09 22:49:55.19559	799.99	15
11	t	2024-11-09 22:49:55.19559	200	2024-11-09 22:49:55.19559	149.99	16
\.


--
-- TOC entry 3441 (class 0 OID 16427)
-- Dependencies: 229
-- Data for Name: tb_supplier; Type: TABLE DATA; Schema: public; Owner: postgres
--

COPY public.tb_supplier (id, cnpj, created_at, email, name, phone, product_type, updated_at) FROM stdin;
7	61099199000158	2024-11-09 22:48:16.159042	contato@samsung.com	Samsung	(11) 4004-0000	Eletrônicos	2024-11-09 22:48:16.159042
8	33000167000101	2024-11-09 22:48:16.159042	atendimento@sony.com	Sony	(11) 4004-2100	Eletrônicos	2024-11-09 22:48:16.159042
9	04515078000162	2024-11-09 22:48:16.159042	support@lg.com	LG	(11) 4003-0405	Eletrodomésticos	2024-11-09 22:48:16.159042
10	03343142000138	2024-11-09 22:48:16.159042	contato@nike.com	Nike	(11) 4020-0000	Roupas e Acessórios	2024-11-09 22:48:16.159042
11	02790268000106	2024-11-09 22:48:16.159042	vendas@adidas.com	Adidas	(11) 94040-2021	Roupas e Acessórios	2024-11-09 22:53:13.54421
\.


--
-- TOC entry 3442 (class 0 OID 16432)
-- Dependencies: 230
-- Data for Name: user_roles; Type: TABLE DATA; Schema: public; Owner: postgres
--

COPY public.user_roles (user_id, role_id) FROM stdin;
1	1
\.


--
-- TOC entry 3444 (class 0 OID 16438)
-- Dependencies: 232
-- Data for Name: users; Type: TABLE DATA; Schema: public; Owner: postgres
--

COPY public.users (id, email, password, username) FROM stdin;
1	joaovictormacields@gmail.com	$2a$10$n9GYQTfganPCmuEoTgRv..Wim7LP5ZSXItaGV3nU26szsKGZBoUZ2	joao22
\.


--
-- TOC entry 3451 (class 0 OID 0)
-- Dependencies: 216
-- Name: aggregated_sale_id_seq; Type: SEQUENCE SET; Schema: public; Owner: postgres
--

SELECT pg_catalog.setval('public.aggregated_sale_id_seq', 2, true);


--
-- TOC entry 3452 (class 0 OID 0)
-- Dependencies: 218
-- Name: roles_id_seq; Type: SEQUENCE SET; Schema: public; Owner: postgres
--

SELECT pg_catalog.setval('public.roles_id_seq', 2, true);


--
-- TOC entry 3453 (class 0 OID 0)
-- Dependencies: 220
-- Name: tb_log_id_seq; Type: SEQUENCE SET; Schema: public; Owner: postgres
--

SELECT pg_catalog.setval('public.tb_log_id_seq', 20, true);


--
-- TOC entry 3454 (class 0 OID 0)
-- Dependencies: 222
-- Name: tb_product_id_seq; Type: SEQUENCE SET; Schema: public; Owner: postgres
--

SELECT pg_catalog.setval('public.tb_product_id_seq', 17, true);


--
-- TOC entry 3455 (class 0 OID 0)
-- Dependencies: 224
-- Name: tb_sale_id_seq; Type: SEQUENCE SET; Schema: public; Owner: postgres
--

SELECT pg_catalog.setval('public.tb_sale_id_seq', 7, true);


--
-- TOC entry 3456 (class 0 OID 0)
-- Dependencies: 226
-- Name: tb_stock_id_seq; Type: SEQUENCE SET; Schema: public; Owner: postgres
--

SELECT pg_catalog.setval('public.tb_stock_id_seq', 12, true);


--
-- TOC entry 3457 (class 0 OID 0)
-- Dependencies: 228
-- Name: tb_supplier_id_seq; Type: SEQUENCE SET; Schema: public; Owner: postgres
--

SELECT pg_catalog.setval('public.tb_supplier_id_seq', 11, true);


--
-- TOC entry 3458 (class 0 OID 0)
-- Dependencies: 231
-- Name: users_id_seq; Type: SEQUENCE SET; Schema: public; Owner: postgres
--

SELECT pg_catalog.setval('public.users_id_seq', 1, true);


--
-- TOC entry 3254 (class 2606 OID 16389)
-- Name: aggregated_sale aggregated_sale_pkey; Type: CONSTRAINT; Schema: public; Owner: postgres
--

ALTER TABLE ONLY public.aggregated_sale
    ADD CONSTRAINT aggregated_sale_pkey PRIMARY KEY (id);


--
-- TOC entry 3256 (class 2606 OID 16396)
-- Name: roles roles_pkey; Type: CONSTRAINT; Schema: public; Owner: postgres
--

ALTER TABLE ONLY public.roles
    ADD CONSTRAINT roles_pkey PRIMARY KEY (id);


--
-- TOC entry 3258 (class 2606 OID 16405)
-- Name: tb_log tb_log_pkey; Type: CONSTRAINT; Schema: public; Owner: postgres
--

ALTER TABLE ONLY public.tb_log
    ADD CONSTRAINT tb_log_pkey PRIMARY KEY (id);


--
-- TOC entry 3260 (class 2606 OID 16413)
-- Name: tb_product tb_product_pkey; Type: CONSTRAINT; Schema: public; Owner: postgres
--

ALTER TABLE ONLY public.tb_product
    ADD CONSTRAINT tb_product_pkey PRIMARY KEY (id);


--
-- TOC entry 3262 (class 2606 OID 16419)
-- Name: tb_sale tb_sale_pkey; Type: CONSTRAINT; Schema: public; Owner: postgres
--

ALTER TABLE ONLY public.tb_sale
    ADD CONSTRAINT tb_sale_pkey PRIMARY KEY (id);


--
-- TOC entry 3264 (class 2606 OID 16425)
-- Name: tb_stock tb_stock_pkey; Type: CONSTRAINT; Schema: public; Owner: postgres
--

ALTER TABLE ONLY public.tb_stock
    ADD CONSTRAINT tb_stock_pkey PRIMARY KEY (id);


--
-- TOC entry 3268 (class 2606 OID 16431)
-- Name: tb_supplier tb_supplier_pkey; Type: CONSTRAINT; Schema: public; Owner: postgres
--

ALTER TABLE ONLY public.tb_supplier
    ADD CONSTRAINT tb_supplier_pkey PRIMARY KEY (id);


--
-- TOC entry 3274 (class 2606 OID 16450)
-- Name: users uk6dotkott2kjsp8vw4d0m25fb7; Type: CONSTRAINT; Schema: public; Owner: postgres
--

ALTER TABLE ONLY public.users
    ADD CONSTRAINT uk6dotkott2kjsp8vw4d0m25fb7 UNIQUE (email);


--
-- TOC entry 3270 (class 2606 OID 16446)
-- Name: tb_supplier ukd5wft4tdxylej2g9jkp36i4kf; Type: CONSTRAINT; Schema: public; Owner: postgres
--

ALTER TABLE ONLY public.tb_supplier
    ADD CONSTRAINT ukd5wft4tdxylej2g9jkp36i4kf UNIQUE (cnpj);


--
-- TOC entry 3266 (class 2606 OID 16444)
-- Name: tb_stock ukhpg8abc3mg82mukgrioaktesg; Type: CONSTRAINT; Schema: public; Owner: postgres
--

ALTER TABLE ONLY public.tb_stock
    ADD CONSTRAINT ukhpg8abc3mg82mukgrioaktesg UNIQUE (product_id);


--
-- TOC entry 3276 (class 2606 OID 16448)
-- Name: users ukr43af9ap4edm43mmtq01oddj6; Type: CONSTRAINT; Schema: public; Owner: postgres
--

ALTER TABLE ONLY public.users
    ADD CONSTRAINT ukr43af9ap4edm43mmtq01oddj6 UNIQUE (username);


--
-- TOC entry 3272 (class 2606 OID 16436)
-- Name: user_roles user_roles_pkey; Type: CONSTRAINT; Schema: public; Owner: postgres
--

ALTER TABLE ONLY public.user_roles
    ADD CONSTRAINT user_roles_pkey PRIMARY KEY (user_id, role_id);


--
-- TOC entry 3278 (class 2606 OID 16442)
-- Name: users users_pkey; Type: CONSTRAINT; Schema: public; Owner: postgres
--

ALTER TABLE ONLY public.users
    ADD CONSTRAINT users_pkey PRIMARY KEY (id);


--
-- TOC entry 3281 (class 2606 OID 16461)
-- Name: tb_sale fk4xhrwnf5ynbdwnbov6293geik; Type: FK CONSTRAINT; Schema: public; Owner: postgres
--

ALTER TABLE ONLY public.tb_sale
    ADD CONSTRAINT fk4xhrwnf5ynbdwnbov6293geik FOREIGN KEY (product_id) REFERENCES public.tb_product(id);


--
-- TOC entry 3279 (class 2606 OID 16451)
-- Name: aggregated_sale fka2qsggonk6elh4hwtcugof2t3; Type: FK CONSTRAINT; Schema: public; Owner: postgres
--

ALTER TABLE ONLY public.aggregated_sale
    ADD CONSTRAINT fka2qsggonk6elh4hwtcugof2t3 FOREIGN KEY (product_id) REFERENCES public.tb_product(id);


--
-- TOC entry 3283 (class 2606 OID 16471)
-- Name: user_roles fkh8ciramu9cc9q3qcqiv4ue8a6; Type: FK CONSTRAINT; Schema: public; Owner: postgres
--

ALTER TABLE ONLY public.user_roles
    ADD CONSTRAINT fkh8ciramu9cc9q3qcqiv4ue8a6 FOREIGN KEY (role_id) REFERENCES public.roles(id);


--
-- TOC entry 3284 (class 2606 OID 16476)
-- Name: user_roles fkhfh9dx7w3ubf1co1vdev94g3f; Type: FK CONSTRAINT; Schema: public; Owner: postgres
--

ALTER TABLE ONLY public.user_roles
    ADD CONSTRAINT fkhfh9dx7w3ubf1co1vdev94g3f FOREIGN KEY (user_id) REFERENCES public.users(id);


--
-- TOC entry 3280 (class 2606 OID 16456)
-- Name: tb_product fkhfw2m846pdodwbaswf9qy5s70; Type: FK CONSTRAINT; Schema: public; Owner: postgres
--

ALTER TABLE ONLY public.tb_product
    ADD CONSTRAINT fkhfw2m846pdodwbaswf9qy5s70 FOREIGN KEY (supplier_id) REFERENCES public.tb_supplier(id);


--
-- TOC entry 3282 (class 2606 OID 16466)
-- Name: tb_stock fkrfkerq4he7y1d1rj97u8c77sf; Type: FK CONSTRAINT; Schema: public; Owner: postgres
--

ALTER TABLE ONLY public.tb_stock
    ADD CONSTRAINT fkrfkerq4he7y1d1rj97u8c77sf FOREIGN KEY (product_id) REFERENCES public.tb_product(id);


-- Completed on 2024-11-09 22:55:39 UTC

--
-- PostgreSQL database dump complete
--

